<Ui xmlns="http://www.blizzard.com/wow/ui" xmlns:xsi="http://www.w3.org/2001/XMLSchema-instance">
    <Frame name="FarmedOptions" toplevel="true" hidden ="true" frameStrata="HIGH" enableMouse="true" movable="true" parent="UIParent" clampedToScreen = "true">
        <Size>
            <AbsDimension x="205" y="415"/>
        </Size>
        <Anchors>
            <Anchor point="CENTER"/>
        </Anchors>
        <Backdrop edgeFile="Interface\Tooltips\UI-Tooltip-Border" 
            bgFile="Interface\Tooltips\UI-Tooltip-Background">
            <BackgroundInsets>
                <AbsInset left="4" right="4" top="4" bottom="4"/>
            </BackgroundInsets>
            <EdgeSize>
                <AbsValue val="16"/>
            </EdgeSize>
            <Color r="0" g="0" b="0" a="0.4"/>
            <BorderColor r="1" g="0.8" b="0" a="0.8"/>
        </Backdrop>
        
        <Layers>
            <Layer level = "OVERLAY">

	   <Texture name="$parent_TitleBorder" file="Interface\DialogFrame\UI-DialogBox-Header">
	          <Size>
	            <AbsDimension x="150" y="32" />
	          </Size>
	          <Anchors>
	            <Anchor point="TOP">
	              <Offset>
	                <AbsDimension x="0" y="15" />
	              </Offset>
	            </Anchor>
	          </Anchors>
	          <TexCoords left="0.2" right="0.8" top="0" bottom="0.6" />
	        </Texture>
	   	
                <FontString name="$parent_Title" inherits="GameFontNormal" text="Farmed Options">
			<Shadow>
				<offset>
					<AbsDimension x="1" y="1"/>
				</offset>
				<color r="0" g="0" b="0"/>
			</Shadow>
	                <Anchors>
	                    <Anchor point="TOP">
				<Offset>
	                			<AbsDimension x="0" y="5" />
	              		</Offset>
	                     </Anchor>
	                </Anchors>
		</FontString>
		
		<FontString name="$parent_Sect1" inherits="GameFontWhite" text="General Options">
			<Shadow>
				<offset>
					<AbsDimension x="1" y="1"/>
				</offset>
				<color r="0" g="0" b="0"/>
			</Shadow>
		        <Anchors>
	                    <Anchor point="TOPLEFT">
				<Offset>
	                			<AbsDimension x="5" y="-15" />
	              		</Offset>
	                     </Anchor>
	                </Anchors>
		</FontString>
		<FontString name="$parent_Sect101" inherits="GameFontGreen" text="Show Farmed">
			<Shadow>
				<offset>
					<AbsDimension x="1" y="1"/>
				</offset>
				<color r="0" g="0" b="0"/>
			</Shadow>
		        <Anchors>
	                    <Anchor point="TOPLEFT">
				<Offset>
	                			<AbsDimension x="30" y="-30" />
	              		</Offset>
	                     </Anchor>
	                </Anchors>
		</FontString>
		<FontString name="$parent_Sect102" inherits="GameFontGreen" text="Show Money">
			<Shadow>
				<offset>
					<AbsDimension x="1" y="1"/>
				</offset>
				<color r="0" g="0" b="0"/>
			</Shadow>
		        <Anchors>
	                    <Anchor point="TOPLEFT">
				<Offset>
	                			<AbsDimension x="30" y="-45" />
	              		</Offset>
	                     </Anchor>
	                </Anchors>
		</FontString>
		<FontString name="$parent_Sect103" inherits="GameFontGreen" text="Show Bag Summary">
			<Shadow>
				<offset>
					<AbsDimension x="1" y="1"/>
				</offset>
				<color r="0" g="0" b="0"/>
			</Shadow>
		        <Anchors>
	                    <Anchor point="TOPLEFT">
				<Offset>
	                			<AbsDimension x="30" y="-60" />
	              		</Offset>
	                     </Anchor>
	                </Anchors>
		</FontString>
		<FontString name="$parent_Sect311" inherits="GameFontGreen" text="Annouce Loot">
			<Shadow>
				<offset>
					<AbsDimension x="1" y="1"/>
				</offset>
				<color r="0" g="0" b="0"/>
			</Shadow>
		        <Anchors>
	                    <Anchor point="TOPLEFT">
				<Offset>
	                			<AbsDimension x="30" y="-75" />
	              		</Offset>
	                     </Anchor>
	                </Anchors>
		</FontString>
		<FontString name="$parent_Sect312" inherits="GameFontGreen" text="Announce Loot in Chat">
			<Shadow>
				<offset>
					<AbsDimension x="1" y="1"/>
				</offset>
				<color r="0" g="0" b="0"/>
			</Shadow>
		        <Anchors>
	                    <Anchor point="TOPLEFT">
				<Offset>
	                			<AbsDimension x="30" y="-90" />
	              		</Offset>
	                     </Anchor>
	                </Anchors>
		</FontString>



		<FontString name="$parent_Sect2" inherits="GameFontWhite" text="Item Options">
			<Shadow>
				<offset>
					<AbsDimension x="1" y="1"/>
				</offset>
				<color r="0" g="0" b="0"/>
			</Shadow>
		        <Anchors>
	                    <Anchor point="TOPLEFT">
				<Offset>
	                			<AbsDimension x="5" y="-120" />
	              		</Offset>
	                     </Anchor>
	                </Anchors>
		</FontString>
		<FontString name="$parent_Sect201" inherits="GameFontGreen" text="Show Uncommon Items">
			<Shadow>
				<offset>
					<AbsDimension x="1" y="1"/>
				</offset>
				<color r="0" g="0" b="0"/>
			</Shadow>
		        <Anchors>
	                    <Anchor point="TOPLEFT">
				<Offset>
	                			<AbsDimension x="30" y="-135" />
	              		</Offset>
	                     </Anchor>
	                </Anchors>
		</FontString>
		<FontString name="$parent_Sect202" inherits="GameFontGreen" text="Show Rare/Epic Items">
			<Shadow>
				<offset>
					<AbsDimension x="1" y="1"/>
				</offset>
				<color r="0" g="0" b="0"/>
			</Shadow>
		        <Anchors>
	                    <Anchor point="TOPLEFT">
				<Offset>
	                			<AbsDimension x="30" y="-150" />
	              		</Offset>
	                     </Anchor>
	                </Anchors>
		</FontString>
		<FontString name="$parent_Sect203" inherits="GameFontGreen" text="Show count only">
			<Shadow>
				<offset>
					<AbsDimension x="1" y="1"/>
				</offset>
				<color r="0" g="0" b="0"/>
			</Shadow>
		        <Anchors>
	                    <Anchor point="TOPLEFT">
				<Offset>
	                			<AbsDimension x="30" y="-165" />
	              		</Offset>
	                     </Anchor>
	                </Anchors>
		</FontString>


		<FontString name="$parent_Sect3" inherits="GameFontWhite" text="Material Options">
			<Shadow>
				<offset>
					<AbsDimension x="1" y="1"/>
				</offset>
				<color r="0" g="0" b="0"/>
			</Shadow>
		        <Anchors>
	                    <Anchor point="TOPLEFT">
				<Offset>
	                			<AbsDimension x="5" y="-180" />
	              		</Offset>
	                     </Anchor>
	                </Anchors>
		</FontString>
		<FontString name="$parent_Sect301" inherits="GameFontGreen" text="Show Ore/Stone Gathered">
			<Shadow>
				<offset>
					<AbsDimension x="1" y="1"/>
				</offset>
				<color r="0" g="0" b="0"/>
			</Shadow>
		        <Anchors>
	                    <Anchor point="TOPLEFT">
				<Offset>
	                			<AbsDimension x="30" y="-195" />
	              		</Offset>
	                     </Anchor>
	                </Anchors>
		</FontString>
		<FontString name="$parent_Sect302" inherits="GameFontGreen" text="Show Meat Gathered">
			<Shadow>
				<offset>
					<AbsDimension x="1" y="1"/>
				</offset>
				<color r="0" g="0" b="0"/>
			</Shadow>
		        <Anchors>
	                    <Anchor point="TOPLEFT">
				<Offset>
	                			<AbsDimension x="30" y="-210" />
	              		</Offset>
	                     </Anchor>
	                </Anchors>
		</FontString>
		<FontString name="$parent_Sect303" inherits="GameFontGreen" text="Show Herbs Gathered">
			<Shadow>
				<offset>
					<AbsDimension x="1" y="1"/>
				</offset>
				<color r="0" g="0" b="0"/>
			</Shadow>
		        <Anchors>
	                    <Anchor point="TOPLEFT">
				<Offset>
	                			<AbsDimension x="30" y="-225" />
	              		</Offset>
	                     </Anchor>
	                </Anchors>
		</FontString>
		<FontString name="$parent_Sect304" inherits="GameFontGreen" text="Show Elementals Gathered">
			<Shadow>
				<offset>
					<AbsDimension x="1" y="1"/>
				</offset>
				<color r="0" g="0" b="0"/>
			</Shadow>
		        <Anchors>
	                    <Anchor point="TOPLEFT">
				<Offset>
	                			<AbsDimension x="30" y="-240" />
	              		</Offset>
	                     </Anchor>
	                </Anchors>
		</FontString>
		<FontString name="$parent_Sect305" inherits="GameFontGreen" text="Show Gems Gathered">
			<Shadow>
				<offset>
					<AbsDimension x="1" y="1"/>
				</offset>
				<color r="0" g="0" b="0"/>
			</Shadow>
		        <Anchors>
	                    <Anchor point="TOPLEFT">
				<Offset>
	                			<AbsDimension x="30" y="-255" />
	              		</Offset>
	                     </Anchor>
	                </Anchors>
		</FontString>
		<FontString name="$parent_Sect306" inherits="GameFontGreen" text="Show Cloth Gathered">
			<Shadow>
				<offset>
					<AbsDimension x="1" y="1"/>
				</offset>
				<color r="0" g="0" b="0"/>
			</Shadow>
		        <Anchors>
	                    <Anchor point="TOPLEFT">
				<Offset>
	                			<AbsDimension x="30" y="-270" />
	              		</Offset>
	                     </Anchor>
	                </Anchors>
		</FontString>
		<FontString name="$parent_Sect307" inherits="GameFontGreen" text="Show Leather Gathered">
			<Shadow>
				<offset>
					<AbsDimension x="1" y="1"/>
				</offset>
				<color r="0" g="0" b="0"/>
			</Shadow>
		        <Anchors>
	                    <Anchor point="TOPLEFT">
				<Offset>
	                			<AbsDimension x="30" y="-285" />
	              		</Offset>
	                     </Anchor>
	                </Anchors>
		</FontString>
		<FontString name="$parent_Sect308" inherits="GameFontGreen" text="Show Enchanting Gathered">
			<Shadow>
				<offset>
					<AbsDimension x="1" y="1"/>
				</offset>
				<color r="0" g="0" b="0"/>
			</Shadow>
		        <Anchors>
	                    <Anchor point="TOPLEFT">
				<Offset>
	                			<AbsDimension x="30" y="-300" />
	              		</Offset>
	                     </Anchor>
	                </Anchors>
		</FontString>
		<FontString name="$parent_Sect309" inherits="GameFontGreen" text="Show Other Items Gathered">
			<Shadow>
				<offset>
					<AbsDimension x="1" y="1"/>
				</offset>
				<color r="0" g="0" b="0"/>
			</Shadow>
		        <Anchors>
	                    <Anchor point="TOPLEFT">
				<Offset>
	                			<AbsDimension x="30" y="-315" />
	              		</Offset>
	                     </Anchor>
	                </Anchors>
		</FontString>
        <FontString name="$parent_Sect310" inherits="GameFontGreen" text="Show Consumables Gathered">
			<Shadow>
				<offset>
					<AbsDimension x="1" y="1"/>
				</offset>
				<color r="0" g="0" b="0"/>
			</Shadow>
		        <Anchors>
	                    <Anchor point="TOPLEFT">
				<Offset>
	                			<AbsDimension x="30" y="-330" />
	              		</Offset>
	                     </Anchor>
	                </Anchors>
		</FontString>
	<FontString name="$parent_Sect313" inherits="GameFontGreen" text="Show Quest Items Gathered">
			<Shadow>
				<offset>
					<AbsDimension x="1" y="1"/>
				</offset>
				<color r="0" g="0" b="0"/>
			</Shadow>
		        <Anchors>
	                    <Anchor point="TOPLEFT">
				<Offset>
	                			<AbsDimension x="30" y="-345" />
	              		</Offset>
	                     </Anchor>
	                </Anchors>
		</FontString>
		<FontString name="$parent_Sect314" inherits="GameFontGreen" text="Show Cooking Ingr.">
			<Shadow>
				<offset>
					<AbsDimension x="1" y="1"/>
				</offset>
				<color r="0" g="0" b="0"/>
			</Shadow>
		        <Anchors>
	                    <Anchor point="TOPLEFT">
				<Offset>
	                			<AbsDimension x="30" y="-345" />
	              		</Offset>
	                     </Anchor>
	                </Anchors>
		</FontString>
		
            </Layer>
        </Layers>
        
        
        
        <Scripts>
            <OnLoad>
               -- farmed_OnLoad(self);
            </OnLoad>
            <OnEvent>
		-- farmed_event();
	   </OnEvent>
            
            
            <OnMouseDown>
                if (button == "LeftButton" ) then
                    self:StartMoving();
                    self.IsMoving=true;
                end
            </OnMouseDown>
            <OnMouseUp>
                if (self.IsMoving) then
                    self:StopMovingOrSizing();
                    self.IsMoving=false;
                end
            </OnMouseUp>
            <OnHide>
                if (self.IsMoving) then
                    self:StopMovingOrSizing();
                    self.IsMoving=false;
                end
            </OnHide>
        </Scripts>
        <Frames>
		<Button name="$parent_hide" inherits="OptionsButtonTemplate" text="Close">
			<Size><AbsDimension x="100" y ="24"/> </Size>
			<Anchors>
	                    <Anchor point="BOTTOM">
				<Offset>
	                			<AbsDimension x="0" y="10" />
	              		</Offset>
	                     </Anchor>
	                </Anchors>
			<Scripts>
				<OnClick> FarmedOptions:Hide();</OnClick>
			</Scripts>
		</Button>

		<CheckButton name="$parent_show" inherits="OptionsCheckButtonTemplate" checked="true">
			<Size><AbsDimension x="15" y ="15"/> </Size>
			<Anchors>
				<Anchor point="TOPLEFT">
					<Offset>
						<AbsDimension x="10" y="-30"></AbsDimension>
					</Offset>
				</Anchor>
			</Anchors>
			<Scripts>
				<OnClick> 
					if (FarmedOptions_show:GetChecked()) then
						farmed_show();
					else
						farmed_hide();
					end
				</OnClick>
			</Scripts>
		</CheckButton>
		<CheckButton name="$parent_money" inherits="OptionsCheckButtonTemplate" checked="true">
			<Size><AbsDimension x="15" y ="15"/> </Size>
			<Anchors>
				<Anchor point="TOPLEFT">
					<Offset>
						<AbsDimension x="10" y="-45"></AbsDimension>
					</Offset>
				</Anchor>
			</Anchors>
			<Scripts>
				<OnClick> 
					farmed_options.money=FarmedOptions_money:GetChecked();
					farmed_gen();
				</OnClick>
			</Scripts>
		</CheckButton>
		<CheckButton name="$parent_bags" inherits="OptionsCheckButtonTemplate" checked="true">
			<Size><AbsDimension x="15" y ="15"/> </Size>
			<Anchors>
				<Anchor point="TOPLEFT">
					<Offset>
						<AbsDimension x="10" y="-60"></AbsDimension>
					</Offset>
				</Anchor>
			</Anchors>
			<Scripts>
				<OnClick> 
					farmed_options.slotcount=FarmedOptions_bags:GetChecked();
					farmed_gen();
				</OnClick>
			</Scripts>
		</CheckButton>
		<CheckButton name="$parent_announce" inherits="OptionsCheckButtonTemplate" checked="true">
			<Size><AbsDimension x="15" y ="15"/> </Size>
			<Anchors>
				<Anchor point="TOPLEFT">
					<Offset>
						<AbsDimension x="10" y="-75"></AbsDimension>
					</Offset>
				</Anchor>
			</Anchors>
			<Scripts>
				<OnClick> 
					farmed_options.announce=FarmedOptions_announce:GetChecked();
					farmed_gen();
				</OnClick>
			</Scripts>
		</CheckButton>
		<CheckButton name="$parent_announcechat" inherits="OptionsCheckButtonTemplate" checked="true">
			<Size><AbsDimension x="15" y ="15"/> </Size>
			<Anchors>
				<Anchor point="TOPLEFT">
					<Offset>
						<AbsDimension x="10" y="-90"></AbsDimension>
					</Offset>
				</Anchor>
			</Anchors>
			<Scripts>
				<OnClick> 
					farmed_options.announcechat=FarmedOptions_announcechat:GetChecked();
					farmed_gen();
				</OnClick>
			</Scripts>
		</CheckButton>


		<CheckButton name="$parent_uncommon" inherits="OptionsCheckButtonTemplate" checked="true">
			<Size><AbsDimension x="15" y ="15"/> </Size>
			<Anchors>
				<Anchor point="TOPLEFT">
					<Offset>
						<AbsDimension x="10" y="-135"></AbsDimension>
					</Offset>
				</Anchor>
			</Anchors>
			<Scripts>
				<OnClick> 
					farmed_options.uncommon=FarmedOptions_uncommon:GetChecked();
					farmed_gen();
				</OnClick>
			</Scripts>
		</CheckButton>
		<CheckButton name="$parent_rare" inherits="OptionsCheckButtonTemplate" checked="true">
			<Size><AbsDimension x="15" y ="15"/> </Size>
			<Anchors>
				<Anchor point="TOPLEFT">
					<Offset>
						<AbsDimension x="10" y="-150"></AbsDimension>
					</Offset>
				</Anchor>
			</Anchors>
			<Scripts>
				<OnClick> 
					farmed_options.rare=FarmedOptions_rare:GetChecked();
					farmed_gen();
				</OnClick>
			</Scripts>
		</CheckButton>
		<CheckButton name="$parent_itemcount" inherits="OptionsCheckButtonTemplate" checked="true">
			<Size><AbsDimension x="15" y ="15"/> </Size>
			<Anchors>
				<Anchor point="TOPLEFT">
					<Offset>
						<AbsDimension x="10" y="-165"></AbsDimension>
					</Offset>
				</Anchor>
			</Anchors>
			<Scripts>
				<OnClick> 
					farmed_options.itemcount=FarmedOptions_itemcount:GetChecked();
					farmed_gen();
				</OnClick>
			</Scripts>
		</CheckButton>


		<CheckButton name="$parent_ore" inherits="OptionsCheckButtonTemplate" checked="true">
			<Size><AbsDimension x="15" y ="15"/> </Size>
			<Anchors>
				<Anchor point="TOPLEFT">
					<Offset>
						<AbsDimension x="10" y="-195"></AbsDimension>
					</Offset>
				</Anchor>
			</Anchors>
			<Scripts>
				<OnClick> 
					farmed_options.ore=FarmedOptions_ore:GetChecked();
					farmed_gen();
				</OnClick>
			</Scripts>
		</CheckButton>
		
		<CheckButton name="$parent_meat" inherits="OptionsCheckButtonTemplate" checked="true">
			<Size><AbsDimension x="15" y ="15"/> </Size>
			<Anchors>
				<Anchor point="TOPLEFT">
					<Offset>
						<AbsDimension x="10" y="-210"></AbsDimension>
					</Offset>
				</Anchor>
			</Anchors>
			<Scripts>
				<OnClick> 
					farmed_options.meat=FarmedOptions_meat:GetChecked();
					farmed_gen();
				</OnClick>
			</Scripts>
		</CheckButton>
		<CheckButton name="$parent_herb" inherits="OptionsCheckButtonTemplate" checked="true">
			<Size><AbsDimension x="15" y ="15"/> </Size>
			<Anchors>
				<Anchor point="TOPLEFT">
					<Offset>
						<AbsDimension x="10" y="-225"></AbsDimension>
					</Offset>
				</Anchor>
			</Anchors>
			<Scripts>
				<OnClick> 
					farmed_options.herb=FarmedOptions_herb:GetChecked();
					farmed_gen();
				</OnClick>
			</Scripts>
		</CheckButton>
		<CheckButton name="$parent_element" inherits="OptionsCheckButtonTemplate" checked="true">
			<Size><AbsDimension x="15" y ="15"/> </Size>
			<Anchors>
				<Anchor point="TOPLEFT">
					<Offset>
						<AbsDimension x="10" y="-240"></AbsDimension>
					</Offset>
				</Anchor>
			</Anchors>
			<Scripts>
				<OnClick> 
					farmed_options.element=FarmedOptions_element:GetChecked();
					farmed_gen();
				</OnClick>
			</Scripts>
		</CheckButton>
		<CheckButton name="$parent_gems" inherits="OptionsCheckButtonTemplate" checked="true">
			<Size><AbsDimension x="15" y ="15"/> </Size>
			<Anchors>
				<Anchor point="TOPLEFT">
					<Offset>
						<AbsDimension x="10" y="-255"></AbsDimension>
					</Offset>
				</Anchor>
			</Anchors>
			<Scripts>
				<OnClick> 
					farmed_options.gems=FarmedOptions_gems:GetChecked();
					farmed_gen();
				</OnClick>
			</Scripts>
		</CheckButton>
		<CheckButton name="$parent_cloth" inherits="OptionsCheckButtonTemplate" checked="true">
			<Size><AbsDimension x="15" y ="15"/> </Size>
			<Anchors>
				<Anchor point="TOPLEFT">
					<Offset>
						<AbsDimension x="10" y="-270"></AbsDimension>
					</Offset>
				</Anchor>
			</Anchors>
			<Scripts>
				<OnClick> 
					farmed_options.cloth=FarmedOptions_cloth:GetChecked();
					farmed_gen();
				</OnClick>
			</Scripts>
		</CheckButton>
		<CheckButton name="$parent_leather" inherits="OptionsCheckButtonTemplate" checked="true">
			<Size><AbsDimension x="15" y ="15"/> </Size>
			<Anchors>
				<Anchor point="TOPLEFT">
					<Offset>
						<AbsDimension x="10" y="-285"></AbsDimension>
					</Offset>
				</Anchor>
			</Anchors>
			<Scripts>
				<OnClick> 
					farmed_options.leather=FarmedOptions_leather:GetChecked();
					farmed_gen();
				</OnClick>
			</Scripts>
		</CheckButton>
		<CheckButton name="$parent_enchanting" inherits="OptionsCheckButtonTemplate" checked="true">
			<Size><AbsDimension x="15" y ="15"/> </Size>
			<Anchors>
				<Anchor point="TOPLEFT">
					<Offset>
						<AbsDimension x="10" y="-300"></AbsDimension>
					</Offset>
				</Anchor>
			</Anchors>
			<Scripts>
				<OnClick> 
					farmed_options.enchanting=FarmedOptions_enchanting:GetChecked();
					farmed_gen();
				</OnClick>
			</Scripts>
		</CheckButton>
		<CheckButton name="$parent_other" inherits="OptionsCheckButtonTemplate" checked="true">
			<Size><AbsDimension x="15" y ="15"/> </Size>
			<Anchors>
				<Anchor point="TOPLEFT">
					<Offset>
						<AbsDimension x="10" y="-315"></AbsDimension>
					</Offset>
				</Anchor>
			</Anchors>
			<Scripts>
				<OnClick> 
					farmed_options.other=FarmedOptions_other:GetChecked();
					farmed_gen();
				</OnClick>
			</Scripts>
		</CheckButton>
        <CheckButton name="$parent_consumable" inherits="OptionsCheckButtonTemplate" checked="true">
			<Size><AbsDimension x="15" y ="15"/> </Size>
			<Anchors>
				<Anchor point="TOPLEFT">
					<Offset>
						<AbsDimension x="10" y="-330"></AbsDimension>
					</Offset>
				</Anchor>
			</Anchors>
			<Scripts>
				<OnClick> 
					farmed_options.consumable=FarmedOptions_consumable:GetChecked();
					farmed_gen();
				</OnClick>
			</Scripts>
		</CheckButton>
	 <CheckButton name="$parent_quest" inherits="OptionsCheckButtonTemplate" checked="true">
			<Size><AbsDimension x="15" y ="15"/> </Size>
			<Anchors>
				<Anchor point="TOPLEFT">
					<Offset>
						<AbsDimension x="10" y="-345"></AbsDimension>
					</Offset>
				</Anchor>
			</Anchors>
			<Scripts>
				<OnClick> 
					farmed_options.quest=FarmedOptions_quest:GetChecked();
					farmed_gen();
				</OnClick>
			</Scripts>
		</CheckButton>
		<CheckButton name="$parent_cooking" inherits="OptionsCheckButtonTemplate" checked="true">
			<Size><AbsDimension x="15" y ="15"/> </Size>
			<Anchors>
				<Anchor point="TOPLEFT">
					<Offset>
						<AbsDimension x="10" y="-315"></AbsDimension>
					</Offset>
				</Anchor>
			</Anchors>
			<Scripts>
				<OnClick> 
					farmed_options.cooking=FarmedOptions_cooking:GetChecked();
					farmed_gen();
				</OnClick>
			</Scripts>
		</CheckButton>
	
		
		
	</Frames>
     </Frame>   
</Ui>
