<Ui xmlns="http://www.blizzard.com/wow/ui/" xmlns:xsi="http://www.w3.org/2001/XMLSchema-instance" xsi:schemaLocation="http://www.blizzard.com/wow/ui/
..\FrameXML\UI.xsd">
  <Script file="hwm_titan.lua"/>
  <Frame parent="UIParent">
    <Frames>
      <Button name="TitanPanelHWMButton" inherits="TitanPanelComboTemplate" frameStrata="FULLSCREEN" toplevel="true">
        <Scripts>
          <OnLoad>
            if IsAddOnLoaded("Titan") then
              hwmTitanButton_load()
              TitanPanelButton_OnLoad()
            end
          </OnLoad>
          <OnClick>
            if IsAddOnLoaded("Titan") then
              hwmTitanButton_OnClick(arg1)
              TitanPanelButton_OnClick(arg1);
            end
          </OnClick>          
        </Scripts>
      </Button>
    </Frames>
  </Frame>    
</Ui>