﻿<Ui xmlns:xsi="http://www.w3.org/2001/XMLSchema-instance" xmlns:xsd="http://www.w3.org/2001/XMLSchema" xmlns="http://www.blizzard.com/wow/ui/">
	<Script file="HWM_Session.lua" />
	<Frame name="HWM_Session_Frame" parent="UIParent" toplevel="true" hidden="true" frameStrata="HIGH" movable="true" alpha="1">
		<Size>
			<AbsDimension x="380" y="500" />
		</Size>
		<Anchors>
			<Anchor point="CENTER">
				<Offset x="0" y="0" />
			</Anchor>
		</Anchors>

		
		<Layers>
			<Layer level="BACKGROUND">
				<Texture name="$parentIcon" file="Interface\Icons\INV_Misc_Bone_OrcSkull_01">
				  <Size>
					<AbsDimension x="58" y="58"/>
				  </Size>
				  <Anchors>
					<Anchor point="TOPLEFT">
					  <Offset>
						<AbsDimension x="10" y="-8"/>
					  </Offset>
					</Anchor>
				  </Anchors>
				</Texture>
				
				
			  </Layer>
		  <Layer level="ARTWORK">
				<Texture name="$parentTopLeft" file="Interface\Spellbook\UI-SpellbookPanel-TopLeft">
				  <Size>
					<AbsDimension x="256" y="256"/>
				  </Size>
				  <Anchors>
					<Anchor point="TOPLEFT"/>
				  </Anchors>
				</Texture>
				<Texture name="$parentTopRight" file="Interface\Spellbook\UI-SpellbookPanel-TopRight">
				  <Size>
					<AbsDimension x="128" y="256"/>
				  </Size>
				  <Anchors>
					<Anchor point="TOPRIGHT"/>
				  </Anchors>
				</Texture>
				<Texture name="$parentBotLeft" file="Interface\Spellbook\UI-SpellbookPanel-BotLeft">
				  <Size>
					<AbsDimension x="256" y="256"/>
				  </Size>
				  <Anchors>
					<Anchor point="BOTTOMLEFT"/>
				  </Anchors>
				</Texture>
				<Texture name="$parentBotRight" file="Interface\Spellbook\UI-SpellbookPanel-BotRight">
				  <Size>
					<AbsDimension x="128" y="256"/>
				  </Size>
				  <Anchors>
					<Anchor point="BOTTOMRIGHT"/>
				  </Anchors>
				</Texture>
			</Layer>
			
			<Layer level="OVERLAY">
				<FontString name="$parent_titletext" inherits="GameFontNormal" text="HWM - Session History" justifyH="CENTER">
					<Size>
						<AbsDimension x="190" y="20" />
					</Size>
					<Anchors>
						<Anchor point="TOP">
							<Offset x="0" y="-12" />
						</Anchor>
					</Anchors>
				</FontString>
			</Layer>
		</Layers>
		<Frames>
			
			
			<ScrollFrame name="$parent_scroll" inherits="UIPanelScrollFrameTemplate">
				<Size>
					<AbsDimension x="285" y="320" />
				</Size>
				<Anchors>
					<Anchor point="TOPLEFT">
						<Offset x="25" y="-85" />
					</Anchor>
				</Anchors>
			</ScrollFrame>
			
					<Button name="$parent_OK" inherits="UIPanelButtonTemplate" text="X">
						<Size>
							<AbsDimension x="20" y="20" />
						</Size>
						<Anchors>
							<Anchor point="TOPRIGHT">
								<Offset x="-33" y="-12" />
							</Anchor>
						</Anchors>
						<Scripts>
							<OnClick>
								HWM_Session_Frame:Hide();
								hwm.vars.showsession= false;

							</OnClick>
							
						</Scripts>
					</Button>
					<SimpleHTML name="$parent_html">
						<Size>
							<AbsDimension x="280" y="315" />
						</Size>
						<Scripts>
							<OnHyperlinkClick>
								hwm_Session_ClickHyperlink(self, arg1);
							</OnHyperlinkClick>
							<OnHyperlinkEnter>
								hwm_Session_EnterHyperlink(self, arg1)
							</OnHyperlinkEnter>
							<OnHyperlinkLeave>
								hwm_Session_ExitHyperlink(self, arg1)
							</OnHyperlinkLeave>
						</Scripts>
						<FontString inherits="GameFontNormalSmall"  bytes="0">
							<FontHeight>
								<AbsValue val="10" />
							</FontHeight>
							<Color r="1" g="0.82" b="0" />
							<Shadow>
								<Offset>
									<AbsDimension x="1" y="-1" />
								</Offset>
								<Color r="0" g="0" b="0" />
							</Shadow>
						</FontString>
						<FontStringHeader1 inherits="QuestFontNormalSmall"  bytes="0">
							<FontHeight>
								<AbsValue val="14" />
							</FontHeight>
							<Color r="1" g="1" b="1" />
							<Shadow>
								<Offset>
									<AbsDimension x="1" y="-1" />
								</Offset>
								<Color r="0" g="0" b="0" />
							</Shadow>
						</FontStringHeader1>
						<FontStringHeader2 inherits="QuestFontNormalSmall"  bytes="0">
							<FontHeight>
								<AbsValue val="12" />
							</FontHeight>
							<Color r="0.3" g="0.18" b="0" />
						</FontStringHeader2>
						<FontStringHeader3 inherits="GameFontHighlightSmall"  bytes="0">
							<FontHeight>
								<AbsValue val="10" />
							</FontHeight>
							<Color r="1" g="1" b="1" />
							<Shadow>
								<Offset>
									<AbsDimension x="1" y="-1" />
								</Offset>
								<Color r="0" g="0" b="0" />
							</Shadow>
						</FontStringHeader3>
						
					</SimpleHTML>
				
			
		</Frames>
		<Scripts>
			<OnMouseDown>
				self:StartMoving()
			</OnMouseDown>
			<OnMouseUp>
				self:StopMovingOrSizing()
			</OnMouseUp>
			<OnDragStop>
				self:StopMovingOrSizing()
			</OnDragStop>
		</Scripts>
	</Frame>
</Ui>