﻿<Ui xmlns:xsi="http://www.w3.org/2001/XMLSchema-instance" xmlns:xsd="http://www.w3.org/2001/XMLSchema" xmlns="http://www.blizzard.com/wow/ui/">
	<Script file="HWM_Rate.lua" />
	<Frame name="HWM_Rate" parent="UIParent" toplevel="true" hidden="true" alpha ="1" frameStrata="DIALOG" movable="true">
		<Size>
			<AbsDimension x="373" y="256" />
		</Size>
		<Anchors>
			<Anchor point="CENTER">
				<Offset x="0" y="0" />
			</Anchor>
		</Anchors>
		<Backdrop bgFile="Interface\Addons\HaveWeMet\hwm_rate" tile="false"  alpha="1" >
			<TileSize>
				<AbsValue val="512"/>
			</TileSize>
			<BackgroundInsets>
				<AbsInset left="0" right="0" top="0" bottom="0"/>
			</BackgroundInsets>
		</Backdrop>
		<Layers>
			<Layer level="OVERLAY">
				<FontString name="$parent_titletext" inherits="GameFontNormal" text="HWM - Edit Rating" justifyH="CENTER">
					<Size>
						<AbsDimension x="190" y="18" />
					</Size>
					<Anchors>
						<Anchor point="TOP">
							<Offset x="0" y="-12" />
						</Anchor>
					</Anchors>
				</FontString>
			</Layer>
		</Layers>
		<Frames>
			<Slider name="$parent_rate" inherits="OptionsSliderTemplate" minValue="1" maxValue="5" defaultValue="3" valueStep="1" >
				<Size>
					<AbsDimension x="319" y="20" />
				</Size>
				<Anchors>
					<Anchor point="TOPLEFT">
						<Offset x="16" y="-90" />
					</Anchor>
				</Anchors>
				<Scripts>
					<OnValueChanged>
						HWM_Rate_ValueChanged();
					</OnValueChanged>
				</Scripts>
			</Slider>
			<EditBox name="$parent_note" inherits="InputBoxTemplate" letters="100">
				<Size>
					<AbsDimension x="299" y="21" />
				</Size>
				<Anchors>
					<Anchor point="TOPLEFT">
						<Offset x="26" y="-168" />
					</Anchor>
				</Anchors>
				
			</EditBox>
			<Button name="$parent_OK" inherits="UIPanelButtonTemplate" text="Update">
				<Size>
					<AbsDimension x="82" y="29" />
				</Size>
				<Anchors>
					<Anchor point="TOPLEFT">
						<Offset x="252" y="-201" />
					</Anchor>
				</Anchors>
				<Scripts>
					<OnClick> HWM_Rate_Set();</OnClick>
				</Scripts>
			</Button>
			<Button name="$parent_Cancel" inherits="UIPanelButtonTemplate" text="Cancel">
				<Size>
					<AbsDimension x="82" y="29" />
				</Size>
				<Anchors>
					<Anchor point="TOPLEFT">
						<Offset x="165" y="-201" />
					</Anchor>
				</Anchors>
				<Scripts>
					<OnClick> HWM_Rate:Hide();</OnClick>
				</Scripts>
			</Button>
		</Frames>
		<Layers>
			<Layer level="OVERLAY">
				<FontString name="$parent_label" inherits="GameFontNormal" text="Rate player-server:" justifyH="LEFT">
					<Size>
						<AbsDimension x="305" y="17" />
					</Size>
					<Anchors>
						<Anchor point="TOPLEFT">
							<Offset x="16" y="-67" />
						</Anchor>
					</Anchors>
				</FontString>
				<FontString name="$parent_low" inherits="GameFontNormal" text="Poor" justifyH="LEFT">
					<Size>
						<AbsDimension x="78" y="19" />
					</Size>
					<Anchors>
						<Anchor point="TOPLEFT">
							<Offset x="16" y="-117" />
						</Anchor>
					</Anchors>
					<Color r="0.5" g="0" b="0" />
				</FontString>
				<FontString name="$parent_high" inherits="GameFontNormal" text="Pro" justifyH="RIGHT">
					<Size>
						<AbsDimension x="78" y="19" />
					</Size>
					<Anchors>
						<Anchor point="TOPLEFT">
							<Offset x="257" y="-117" />
						</Anchor>
					</Anchors>
					<Color r="0" g="0.5" b="0" />
				</FontString>
				<FontString name="$parent_notelabel" inherits="GameFontNormal" text="Note:" justifyH="LEFT">
					<Size>
						<AbsDimension x="305" y="17" />
					</Size>
					<Anchors>
						<Anchor point="TOPLEFT">
							<Offset x="16" y="-142" />
						</Anchor>
					</Anchors>
				</FontString>
			</Layer>
		</Layers>
		<Scripts>
			<OnMouseDown>
				self:StartMoving()
			</OnMouseDown>
			<OnMouseUp>
				self:StopMovingOrSizing()
			</OnMouseUp>
			<OnDragStop>
				self:StopMovingOrSizing()
			</OnDragStop>
		</Scripts>
	</Frame>
</Ui>